total,used,free
372.65735626220703,284.46386337280273,69.19368362426758
372.65735626220703,284.46387100219727,69.19367599487305
372.65735626220703,284.46387100219727,69.19367599487305
