total,used,free
372.65735626220703,297.0417709350586,56.61577606201172
372.65735626220703,297.0417709350586,56.61577606201172
372.65735626220703,297.0417709350586,56.61577606201172
372.65735626220703,297.0417709350586,56.61577606201172
372.65735626220703,297.0417709350586,56.61577606201172
372.65735626220703,297.0417709350586,56.61577606201172
372.65735626220703,297.0417709350586,56.61577606201172
372.65735626220703,297.0417709350586,56.61577606201172
372.65735626220703,297.0417709350586,56.61577606201172
372.65735626220703,297.0417709350586,56.61577606201172
372.65735626220703,297.0417709350586,56.61577606201172
372.65735626220703,297.0417709350586,56.61577606201172
372.65735626220703,297.0417709350586,56.61577606201172
372.65735626220703,297.0417709350586,56.61577606201172
372.65735626220703,297.0417709350586,56.61577606201172
372.65735626220703,297.0417709350586,56.61577606201172
