total,available,used,free
15.491523742675781,11.130348205566406,3.1741714477539062,4.304470062255859
15.491523742675781,11.130348205566406,3.1741867065429688,4.3043975830078125
15.491523742675781,11.132732391357422,3.173858642578125,4.306774139404297
